{
  "accuracy": [
    0.5593220591545105,
    0.7740113139152527,
    0.8022598624229431
  ],
  "auc": [
    0.6742485165596008,
    0.9247852563858032,
    0.929280698299408
  ],
  "loss": [
    0.757016658782959,
    0.41247203946113586,
    0.3696945011615753
  ],
  "precision": [
    0.75,
    0.9473684430122375,
    0.901098906993866
  ],
  "recall": [
    0.4166666567325592,
    0.6666666865348816,
    0.7592592835426331
  ],
  "val_accuracy": [
    0.8421052694320679,
    0.8421052694320679,
    0.8421052694320679
  ],
  "val_auc": [
    0.9866071343421936,
    0.9717261791229248,
    0.9821428656578064
  ],
  "val_loss": [
    0.5698864459991455,
    0.5212063789367676,
    0.438190758228302
  ],
  "val_precision": [
    0.800000011920929,
    0.800000011920929,
    0.800000011920929
  ],
  "val_recall": [
    1.0,
    1.0,
    1.0
  ],
  "learning_rate": [
    9.999999747378752e-05,
    9.999999747378752e-05,
    9.999999747378752e-05
  ]
}